{
    "avg_prec": {
        "train": 0.9735939072086178,
        "test": 0.8622069122850285
    },
    "roc_auc": {
        "train": 0.9866440099045236,
        "test": 0.9050064595951154
    }
}