{
    "avg_prec": {
        "train": 0.9677886704269393,
        "test": 0.865672783310497
    },
    "roc_auc": {
        "train": 0.9840130856244018,
        "test": 0.9144316730523627
    }
}